{"count":1,"gauges":{},"self":244.028032,"total":249.955931,"children":{"AgentResetIfDone":{"count":12368,"self":0.120671,"total":0.120671,"children":null},"AgentSendState":{"count":12368,"self":0.076179,"total":0.092082,"children":{"CollectObservations":{"count":3092,"self":0.015903,"total":0.015903,"children":null}}},"DecideAction":{"count":12368,"self":5.3345959999999994,"total":5.3345959999999994,"children":null},"AcademyStep":{"count":12368,"self":0.011007999999999999,"total":0.011007999999999999,"children":null},"AgentAct":{"count":12368,"self":0.368987,"total":0.368987,"children":null}}}