{"count":1,"gauges":{},"self":17.1059952,"total":17.647496999999998,"children":{"AgentResetIfDone":{"count":736,"self":0.0055959999999999994,"total":0.0055959999999999994,"children":null},"AgentSendState":{"count":736,"self":0.00908,"total":0.01388,"children":{"CollectObservations":{"count":1472,"self":0.0048,"total":0.0048,"children":null}}},"DecideAction":{"count":736,"self":0.422037,"total":0.48678299999999997,"children":{"RayPerceptionSensor.Perceive":{"count":1472,"self":0.064746,"total":0.064746,"children":null}}},"AcademyStep":{"count":736,"self":0.00067999999999999994,"total":0.00067999999999999994,"children":null},"AgentAct":{"count":736,"self":0.033937999999999996,"total":0.033937999999999996,"children":null}}}